USE drcloud_main;
INSERT INTO `__migrations_history` (`migration_id`) VALUES ('S012_20211222_#279-clinic-permission-2');

-- add columns
ALTER TABLE `drcloud_main`.`apis` 
ADD COLUMN `patient_default_permission_type_id` INT NOT NULL AFTER `default_permission_type_id`,
ADD INDEX `patient_default_permission_type_id` (`patient_default_permission_type_id` ASC) VISIBLE;
;
ALTER TABLE `drcloud_main`.`apis` 
ADD CONSTRAINT `apis_ibfk_5`
  FOREIGN KEY (`patient_default_permission_type_id`)
  REFERENCES `drcloud_main`.`permission_types` (`permission_type_id`)
  ON DELETE NO ACTION
  ON UPDATE NO ACTION;

-- init api data
INSERT INTO `drcloud_main`.`apis` (`api_id`,`api_name`,`api_service_id`,`api_method_type_id`,`api_route`,`api_action_type_id`,`default_permission_type_id`,`patient_default_permission_type_id`) VALUES (1,'Health check',1,1,'​health-check',10,10,10);
INSERT INTO `drcloud_main`.`apis` (`api_id`,`api_name`,`api_service_id`,`api_method_type_id`,`api_route`,`api_action_type_id`,`default_permission_type_id`,`patient_default_permission_type_id`) VALUES (2,'Create new Appointment (Auth policies: PatientOnly)',1,2,'​appointments',20,0,20);
INSERT INTO `drcloud_main`.`apis` (`api_id`,`api_name`,`api_service_id`,`api_method_type_id`,`api_route`,`api_action_type_id`,`default_permission_type_id`,`patient_default_permission_type_id`) VALUES (3,'Get all appointments of an user (Auth policies: PatientOnly)',1,1,'​appointments',10,0,10);
INSERT INTO `drcloud_main`.`apis` (`api_id`,`api_name`,`api_service_id`,`api_method_type_id`,`api_route`,`api_action_type_id`,`default_permission_type_id`,`patient_default_permission_type_id`) VALUES (4,'Get Appointment Details (Auth policies: PatientOnly)',1,1,'​appointments​/{appointmentId}',10,0,10);
INSERT INTO `drcloud_main`.`apis` (`api_id`,`api_name`,`api_service_id`,`api_method_type_id`,`api_route`,`api_action_type_id`,`default_permission_type_id`,`patient_default_permission_type_id`) VALUES (5,'Cancel Appointment (Auth policies: PatientOnly)',1,3,'​appointments​/{appointmentId}​/cancel',20,0,20);
INSERT INTO `drcloud_main`.`apis` (`api_id`,`api_name`,`api_service_id`,`api_method_type_id`,`api_route`,`api_action_type_id`,`default_permission_type_id`,`patient_default_permission_type_id`) VALUES (6,'Check if phone number has registered',1,2,'​auth​/check-phone-number',10,0,0);
INSERT INTO `drcloud_main`.`apis` (`api_id`,`api_name`,`api_service_id`,`api_method_type_id`,`api_route`,`api_action_type_id`,`default_permission_type_id`,`patient_default_permission_type_id`) VALUES (7,'Register a patient user using phone number',1,2,'​auth​/register-patient',20,0,0);
INSERT INTO `drcloud_main`.`apis` (`api_id`,`api_name`,`api_service_id`,`api_method_type_id`,`api_route`,`api_action_type_id`,`default_permission_type_id`,`patient_default_permission_type_id`) VALUES (8,'Verify an registered patient using verify code',1,2,'​auth​/verify-patient',10,0,0);
INSERT INTO `drcloud_main`.`apis` (`api_id`,`api_name`,`api_service_id`,`api_method_type_id`,`api_route`,`api_action_type_id`,`default_permission_type_id`,`patient_default_permission_type_id`) VALUES (9,'Resend confirmation code using SMS or email',1,2,'​auth​/resend-confirmation',20,0,0);
INSERT INTO `drcloud_main`.`apis` (`api_id`,`api_name`,`api_service_id`,`api_method_type_id`,`api_route`,`api_action_type_id`,`default_permission_type_id`,`patient_default_permission_type_id`) VALUES (10,'Login using phone/email and password',1,2,'​auth​/login',10,0,0);
INSERT INTO `drcloud_main`.`apis` (`api_id`,`api_name`,`api_service_id`,`api_method_type_id`,`api_route`,`api_action_type_id`,`default_permission_type_id`,`patient_default_permission_type_id`) VALUES (11,'Refresh new token',1,2,'​auth​/refresh-token',10,0,0);
INSERT INTO `drcloud_main`.`apis` (`api_id`,`api_name`,`api_service_id`,`api_method_type_id`,`api_route`,`api_action_type_id`,`default_permission_type_id`,`patient_default_permission_type_id`) VALUES (12,'Register a clinic',1,2,'​auth​/register-clinic',20,0,0);
INSERT INTO `drcloud_main`.`apis` (`api_id`,`api_name`,`api_service_id`,`api_method_type_id`,`api_route`,`api_action_type_id`,`default_permission_type_id`,`patient_default_permission_type_id`) VALUES (13,'Verify an registered clinic user using verification key',1,2,'​auth​/verify-clinic-user',10,0,0);
INSERT INTO `drcloud_main`.`apis` (`api_id`,`api_name`,`api_service_id`,`api_method_type_id`,`api_route`,`api_action_type_id`,`default_permission_type_id`,`patient_default_permission_type_id`) VALUES (14,'Send reset password code',1,2,'​auth​/forgot-password',20,0,0);
INSERT INTO `drcloud_main`.`apis` (`api_id`,`api_name`,`api_service_id`,`api_method_type_id`,`api_route`,`api_action_type_id`,`default_permission_type_id`,`patient_default_permission_type_id`) VALUES (15,'Reset password',1,2,'​auth​/reset-password',20,0,0);
INSERT INTO `drcloud_main`.`apis` (`api_id`,`api_name`,`api_service_id`,`api_method_type_id`,`api_route`,`api_action_type_id`,`default_permission_type_id`,`patient_default_permission_type_id`) VALUES (16,'Check if otp is valid',1,2,'​auth​/verify-otp',10,0,0);
INSERT INTO `drcloud_main`.`apis` (`api_id`,`api_name`,`api_service_id`,`api_method_type_id`,`api_route`,`api_action_type_id`,`default_permission_type_id`,`patient_default_permission_type_id`) VALUES (17,'Get clinic information with locations, specialties and doctors (Auth policies: ClinicOnly)',1,1,'​clinics​/info',10,10,0);
INSERT INTO `drcloud_main`.`apis` (`api_id`,`api_name`,`api_service_id`,`api_method_type_id`,`api_route`,`api_action_type_id`,`default_permission_type_id`,`patient_default_permission_type_id`) VALUES (18,'Get clinic information details (Auth policies: ClinicOnly)',1,1,'​clinics​/general-settings',10,10,0);
INSERT INTO `drcloud_main`.`apis` (`api_id`,`api_name`,`api_service_id`,`api_method_type_id`,`api_route`,`api_action_type_id`,`default_permission_type_id`,`patient_default_permission_type_id`) VALUES (19,'Update Clinic information details (Auth policies: ClinicOnly)',1,3,'​clinics​/general-settings',20,10,0);
INSERT INTO `drcloud_main`.`apis` (`api_id`,`api_name`,`api_service_id`,`api_method_type_id`,`api_route`,`api_action_type_id`,`default_permission_type_id`,`patient_default_permission_type_id`) VALUES (20,'Get clinic information for booking (Auth policies: PatientOnly)',1,1,'​clinics​/{clinicId}​/info-for-booking',10,0,10);
INSERT INTO `drcloud_main`.`apis` (`api_id`,`api_name`,`api_service_id`,`api_method_type_id`,`api_route`,`api_action_type_id`,`default_permission_type_id`,`patient_default_permission_type_id`) VALUES (21,'Get doctor information for booking (Auth policies: PatientOnly)',1,2,'​clinics​/{clinicId}​/get-doctor-for-booking',10,0,10);
INSERT INTO `drcloud_main`.`apis` (`api_id`,`api_name`,`api_service_id`,`api_method_type_id`,`api_route`,`api_action_type_id`,`default_permission_type_id`,`patient_default_permission_type_id`) VALUES (22,'Get doctor schedule slots for booking (Auth policies: PatientOnly)',1,2,'​clinics​/{clinicId}​/get-doctor-schedule',10,0,10);
INSERT INTO `drcloud_main`.`apis` (`api_id`,`api_name`,`api_service_id`,`api_method_type_id`,`api_route`,`api_action_type_id`,`default_permission_type_id`,`patient_default_permission_type_id`) VALUES (23,'Search clinic nearby locations (Auth policies: PatientOnly)',1,1,'​clinics​/search',10,0,10);
INSERT INTO `drcloud_main`.`apis` (`api_id`,`api_name`,`api_service_id`,`api_method_type_id`,`api_route`,`api_action_type_id`,`default_permission_type_id`,`patient_default_permission_type_id`) VALUES (24,'Change owner (Auth policies: ClinicOnly)',1,2,'​clinics​/change-owner',20,10,0);
INSERT INTO `drcloud_main`.`apis` (`api_id`,`api_name`,`api_service_id`,`api_method_type_id`,`api_route`,`api_action_type_id`,`default_permission_type_id`,`patient_default_permission_type_id`) VALUES (25,'Get all available timeslots of a doctor (Auth policies: ClinicOnly)',1,2,'​clinic-appointments​/get-schedule-slots',10,0,0);
INSERT INTO `drcloud_main`.`apis` (`api_id`,`api_name`,`api_service_id`,`api_method_type_id`,`api_route`,`api_action_type_id`,`default_permission_type_id`,`patient_default_permission_type_id`) VALUES (26,'Create new Clinic Appointment (Auth policies: ClinicOnly)',1,2,'​clinic-appointments',20,0,0);
INSERT INTO `drcloud_main`.`apis` (`api_id`,`api_name`,`api_service_id`,`api_method_type_id`,`api_route`,`api_action_type_id`,`default_permission_type_id`,`patient_default_permission_type_id`) VALUES (27,'Set Appointment Status (Auth policies: ClinicOnly)',1,3,'​clinic-appointments​/set-status',20,0,0);
INSERT INTO `drcloud_main`.`apis` (`api_id`,`api_name`,`api_service_id`,`api_method_type_id`,`api_route`,`api_action_type_id`,`default_permission_type_id`,`patient_default_permission_type_id`) VALUES (28,'Search Appointment for Clinic (Auth policies: ClinicOnly)',1,2,'​clinic-appointments​/search',10,0,0);
INSERT INTO `drcloud_main`.`apis` (`api_id`,`api_name`,`api_service_id`,`api_method_type_id`,`api_route`,`api_action_type_id`,`default_permission_type_id`,`patient_default_permission_type_id`) VALUES (29,'get appointment history by patient (Auth policies: ClinicOnly)',1,2,'​clinic-appointments​/get-by-patient',10,0,0);
INSERT INTO `drcloud_main`.`apis` (`api_id`,`api_name`,`api_service_id`,`api_method_type_id`,`api_route`,`api_action_type_id`,`default_permission_type_id`,`patient_default_permission_type_id`) VALUES (30,'get today appointments queue (Auth policies: ClinicOnly)',1,2,'​clinic-appointments​/today-queue',10,0,0);
INSERT INTO `drcloud_main`.`apis` (`api_id`,`api_name`,`api_service_id`,`api_method_type_id`,`api_route`,`api_action_type_id`,`default_permission_type_id`,`patient_default_permission_type_id`) VALUES (31,'Change Appoiontment Doctor (Auth policies: ClinicOnly)',1,3,'​clinic-appointments​/{appointmentId}​/change-doctor',20,0,0);
INSERT INTO `drcloud_main`.`apis` (`api_id`,`api_name`,`api_service_id`,`api_method_type_id`,`api_route`,`api_action_type_id`,`default_permission_type_id`,`patient_default_permission_type_id`) VALUES (32,'Update Clinic Appointment (Auth policies: ClinicOnly, ClinicOnly)',1,3,'​clinic-appointments​/{appointmentId}',20,0,0);
INSERT INTO `drcloud_main`.`apis` (`api_id`,`api_name`,`api_service_id`,`api_method_type_id`,`api_route`,`api_action_type_id`,`default_permission_type_id`,`patient_default_permission_type_id`) VALUES (33,'Get Clinic Appoiontment Detail (Auth policies: ClinicOnly)',1,1,'​clinic-appointments​/{appointmentId}',10,0,0);
INSERT INTO `drcloud_main`.`apis` (`api_id`,`api_name`,`api_service_id`,`api_method_type_id`,`api_route`,`api_action_type_id`,`default_permission_type_id`,`patient_default_permission_type_id`) VALUES (34,'Get Clinic Appoiontment Detail for editing (Auth policies: ClinicOnly)',1,1,'​clinic-appointments​/{appointmentId}​/details-for-edit',10,0,0);
INSERT INTO `drcloud_main`.`apis` (`api_id`,`api_name`,`api_service_id`,`api_method_type_id`,`api_route`,`api_action_type_id`,`default_permission_type_id`,`patient_default_permission_type_id`) VALUES (35,'Check if clinic has invalid appointment (Auth policies: ClinicOnly)',1,1,'​clinic-appointments​/has-invalid',10,10,0);
INSERT INTO `drcloud_main`.`apis` (`api_id`,`api_name`,`api_service_id`,`api_method_type_id`,`api_route`,`api_action_type_id`,`default_permission_type_id`,`patient_default_permission_type_id`) VALUES (36,'Search patients of the clinic (Auth policies: ClinicOnly)',1,1,'​clinic-patients',10,0,0);
INSERT INTO `drcloud_main`.`apis` (`api_id`,`api_name`,`api_service_id`,`api_method_type_id`,`api_route`,`api_action_type_id`,`default_permission_type_id`,`patient_default_permission_type_id`) VALUES (37,'Create new Clinic patient (Auth policies: ClinicOnly)',1,2,'​clinic-patients',20,0,0);
INSERT INTO `drcloud_main`.`apis` (`api_id`,`api_name`,`api_service_id`,`api_method_type_id`,`api_route`,`api_action_type_id`,`default_permission_type_id`,`patient_default_permission_type_id`) VALUES (38,'Update information for cilinic patient (Auth policies: ClinicOnly)',1,3,'​clinic-patients​/{clinicPatientId}',20,0,0);
INSERT INTO `drcloud_main`.`apis` (`api_id`,`api_name`,`api_service_id`,`api_method_type_id`,`api_route`,`api_action_type_id`,`default_permission_type_id`,`patient_default_permission_type_id`) VALUES (39,'Get clinic patients info (Auth policies: ClinicOnly)',1,1,'​clinic-patients​/{clinicPatientId}',10,0,0);
INSERT INTO `drcloud_main`.`apis` (`api_id`,`api_name`,`api_service_id`,`api_method_type_id`,`api_route`,`api_action_type_id`,`default_permission_type_id`,`patient_default_permission_type_id`) VALUES (40,'Search doctors of the clinic (Auth policies: ClinicOnly)',1,1,'​doctors',10,10,0);
INSERT INTO `drcloud_main`.`apis` (`api_id`,`api_name`,`api_service_id`,`api_method_type_id`,`api_route`,`api_action_type_id`,`default_permission_type_id`,`patient_default_permission_type_id`) VALUES (41,'Create new Doctor (Auth policies: ClinicOnly)',1,2,'​doctors',20,10,0);
INSERT INTO `drcloud_main`.`apis` (`api_id`,`api_name`,`api_service_id`,`api_method_type_id`,`api_route`,`api_action_type_id`,`default_permission_type_id`,`patient_default_permission_type_id`) VALUES (42,'Update Doctor (Auth policies: ClinicOnly)',1,3,'​doctors​/{doctorId}',20,10,0);
INSERT INTO `drcloud_main`.`apis` (`api_id`,`api_name`,`api_service_id`,`api_method_type_id`,`api_route`,`api_action_type_id`,`default_permission_type_id`,`patient_default_permission_type_id`) VALUES (43,'Delete Doctor (Auth policies: ClinicOnly)',1,4,'​doctors​/{doctorId}',20,10,0);
INSERT INTO `drcloud_main`.`apis` (`api_id`,`api_name`,`api_service_id`,`api_method_type_id`,`api_route`,`api_action_type_id`,`default_permission_type_id`,`patient_default_permission_type_id`) VALUES (44,'Read Doctor (Auth policies: ClinicOnly)',1,1,'​doctors​/{doctorId}',10,10,0);
INSERT INTO `drcloud_main`.`apis` (`api_id`,`api_name`,`api_service_id`,`api_method_type_id`,`api_route`,`api_action_type_id`,`default_permission_type_id`,`patient_default_permission_type_id`) VALUES (45,'Set Enable Doctor (Auth policies: ClinicOnly)',1,3,'​doctors​/{doctorId}​/set-enabled',20,10,0);
INSERT INTO `drcloud_main`.`apis` (`api_id`,`api_name`,`api_service_id`,`api_method_type_id`,`api_route`,`api_action_type_id`,`default_permission_type_id`,`patient_default_permission_type_id`) VALUES (46,'Invite user to clinic (Auth policies: ClinicOnly)',1,2,'​employees​/invite',20,0,0);
INSERT INTO `drcloud_main`.`apis` (`api_id`,`api_name`,`api_service_id`,`api_method_type_id`,`api_route`,`api_action_type_id`,`default_permission_type_id`,`patient_default_permission_type_id`) VALUES (47,'Search users of the clinic (Auth policies: ClinicOnly)',1,1,'​employees',10,0,0);
INSERT INTO `drcloud_main`.`apis` (`api_id`,`api_name`,`api_service_id`,`api_method_type_id`,`api_route`,`api_action_type_id`,`default_permission_type_id`,`patient_default_permission_type_id`) VALUES (48,'Set Enable User (Auth policies: ClinicOnly)',1,3,'​employees​/{employeeId}​/set-enabled',20,0,0);
INSERT INTO `drcloud_main`.`apis` (`api_id`,`api_name`,`api_service_id`,`api_method_type_id`,`api_route`,`api_action_type_id`,`default_permission_type_id`,`patient_default_permission_type_id`) VALUES (49,'Delete User from clinic (Auth policies: ClinicOnly)',1,4,'​employees​/{employeeId}',20,0,0);
INSERT INTO `drcloud_main`.`apis` (`api_id`,`api_name`,`api_service_id`,`api_method_type_id`,`api_route`,`api_action_type_id`,`default_permission_type_id`,`patient_default_permission_type_id`) VALUES (50,'Update user (Auth policies: ClinicOnly)',1,3,'​employees​/{employeeId}',20,0,0);
INSERT INTO `drcloud_main`.`apis` (`api_id`,`api_name`,`api_service_id`,`api_method_type_id`,`api_route`,`api_action_type_id`,`default_permission_type_id`,`patient_default_permission_type_id`) VALUES (51,'Get employee details (Auth policies: ClinicOnly)',1,1,'​employees​/{employeeId}',10,0,0);
INSERT INTO `drcloud_main`.`apis` (`api_id`,`api_name`,`api_service_id`,`api_method_type_id`,`api_route`,`api_action_type_id`,`default_permission_type_id`,`patient_default_permission_type_id`) VALUES (52,'Changed user password (Auth policies: ClinicOnly)',1,2,'​employees​/{employeeId}​/change-password',20,0,0);
INSERT INTO `drcloud_main`.`apis` (`api_id`,`api_name`,`api_service_id`,`api_method_type_id`,`api_route`,`api_action_type_id`,`default_permission_type_id`,`patient_default_permission_type_id`) VALUES (53,'Get User Role Permissions (Auth policies: ClinicOnly)',1,1,'​employees​/my-permissions',10,10,0);
INSERT INTO `drcloud_main`.`apis` (`api_id`,`api_name`,`api_service_id`,`api_method_type_id`,`api_route`,`api_action_type_id`,`default_permission_type_id`,`patient_default_permission_type_id`) VALUES (54,'Search locations of the clinic (Auth policies: ClinicOnly)',1,1,'​locations',10,10,0);
INSERT INTO `drcloud_main`.`apis` (`api_id`,`api_name`,`api_service_id`,`api_method_type_id`,`api_route`,`api_action_type_id`,`default_permission_type_id`,`patient_default_permission_type_id`) VALUES (55,'Create new location (Auth policies: ClinicOnly)',1,2,'​locations',20,10,0);
INSERT INTO `drcloud_main`.`apis` (`api_id`,`api_name`,`api_service_id`,`api_method_type_id`,`api_route`,`api_action_type_id`,`default_permission_type_id`,`patient_default_permission_type_id`) VALUES (56,'Get location details (Auth policies: ClinicOnly)',1,1,'​locations​/{locationId}',10,10,0);
INSERT INTO `drcloud_main`.`apis` (`api_id`,`api_name`,`api_service_id`,`api_method_type_id`,`api_route`,`api_action_type_id`,`default_permission_type_id`,`patient_default_permission_type_id`) VALUES (57,'Update location details (Auth policies: ClinicOnly)',1,3,'​locations​/{locationId}',20,10,0);
INSERT INTO `drcloud_main`.`apis` (`api_id`,`api_name`,`api_service_id`,`api_method_type_id`,`api_route`,`api_action_type_id`,`default_permission_type_id`,`patient_default_permission_type_id`) VALUES (58,'Delete a location (Auth policies: ClinicOnly)',1,4,'​locations​/{locationId}',20,10,0);
INSERT INTO `drcloud_main`.`apis` (`api_id`,`api_name`,`api_service_id`,`api_method_type_id`,`api_route`,`api_action_type_id`,`default_permission_type_id`,`patient_default_permission_type_id`) VALUES (59,'Enable/disable a location (Auth policies: ClinicOnly)',1,3,'​locations​/{locationId}​/set-enabled',20,10,0);
INSERT INTO `drcloud_main`.`apis` (`api_id`,`api_name`,`api_service_id`,`api_method_type_id`,`api_route`,`api_action_type_id`,`default_permission_type_id`,`patient_default_permission_type_id`) VALUES (60,'Update device token',1,2,'​notifications​/register-device',20,10,0);
INSERT INTO `drcloud_main`.`apis` (`api_id`,`api_name`,`api_service_id`,`api_method_type_id`,`api_route`,`api_action_type_id`,`default_permission_type_id`,`patient_default_permission_type_id`) VALUES (61,'Get all notifications of an user (Auth)',1,1,'​notifications',10,10,10);
INSERT INTO `drcloud_main`.`apis` (`api_id`,`api_name`,`api_service_id`,`api_method_type_id`,`api_route`,`api_action_type_id`,`default_permission_type_id`,`patient_default_permission_type_id`) VALUES (62,'Mark a notification as read (Auth)',1,3,'​notifications​/{notificationId}​/read',20,20,20);
INSERT INTO `drcloud_main`.`apis` (`api_id`,`api_name`,`api_service_id`,`api_method_type_id`,`api_route`,`api_action_type_id`,`default_permission_type_id`,`patient_default_permission_type_id`) VALUES (63,'Mark a notification as read (Auth)',1,3,'​notifications​/read-all',20,20,20);
INSERT INTO `drcloud_main`.`apis` (`api_id`,`api_name`,`api_service_id`,`api_method_type_id`,`api_route`,`api_action_type_id`,`default_permission_type_id`,`patient_default_permission_type_id`) VALUES (64,'Delete a notification (Auth)',1,4,'​notifications​/{notificationId}',20,20,20);
INSERT INTO `drcloud_main`.`apis` (`api_id`,`api_name`,`api_service_id`,`api_method_type_id`,`api_route`,`api_action_type_id`,`default_permission_type_id`,`patient_default_permission_type_id`) VALUES (65,'Count all unread notifications of an user (Auth)',1,1,'​notifications​/unread-count',10,10,10);
INSERT INTO `drcloud_main`.`apis` (`api_id`,`api_name`,`api_service_id`,`api_method_type_id`,`api_route`,`api_action_type_id`,`default_permission_type_id`,`patient_default_permission_type_id`) VALUES (66,'Get patient list (Auth policies: PatientOnly)',1,1,'​patients',10,0,10);
INSERT INTO `drcloud_main`.`apis` (`api_id`,`api_name`,`api_service_id`,`api_method_type_id`,`api_route`,`api_action_type_id`,`default_permission_type_id`,`patient_default_permission_type_id`) VALUES (67,'Create new Patient (Auth policies: PatientOnly)',1,2,'​patients',20,0,20);
INSERT INTO `drcloud_main`.`apis` (`api_id`,`api_name`,`api_service_id`,`api_method_type_id`,`api_route`,`api_action_type_id`,`default_permission_type_id`,`patient_default_permission_type_id`) VALUES (68,'Update Patient (Auth policies: PatientOnly)',1,3,'​patients​/{patientId}',20,0,20);
INSERT INTO `drcloud_main`.`apis` (`api_id`,`api_name`,`api_service_id`,`api_method_type_id`,`api_route`,`api_action_type_id`,`default_permission_type_id`,`patient_default_permission_type_id`) VALUES (69,'Delete Patient (Auth policies: PatientOnly)',1,4,'​patients​/{patientId}',20,0,20);
INSERT INTO `drcloud_main`.`apis` (`api_id`,`api_name`,`api_service_id`,`api_method_type_id`,`api_route`,`api_action_type_id`,`default_permission_type_id`,`patient_default_permission_type_id`) VALUES (70,'Read Patient (Auth policies: PatientOnly)',1,1,'​patients​/{patientId}',10,0,10);
INSERT INTO `drcloud_main`.`apis` (`api_id`,`api_name`,`api_service_id`,`api_method_type_id`,`api_route`,`api_action_type_id`,`default_permission_type_id`,`patient_default_permission_type_id`) VALUES (71,'Set Default Patient (Auth policies: PatientOnly)',1,3,'​patients​/{patientId}​/set-default',20,0,20);
INSERT INTO `drcloud_main`.`apis` (`api_id`,`api_name`,`api_service_id`,`api_method_type_id`,`api_route`,`api_action_type_id`,`default_permission_type_id`,`patient_default_permission_type_id`) VALUES (72,'Create new role (Auth policies: ClinicOnly)',1,2,'​roles',20,10,0);
INSERT INTO `drcloud_main`.`apis` (`api_id`,`api_name`,`api_service_id`,`api_method_type_id`,`api_route`,`api_action_type_id`,`default_permission_type_id`,`patient_default_permission_type_id`) VALUES (73,'Search Role (Auth policies: ClinicOnly)',1,1,'​roles',10,10,0);
INSERT INTO `drcloud_main`.`apis` (`api_id`,`api_name`,`api_service_id`,`api_method_type_id`,`api_route`,`api_action_type_id`,`default_permission_type_id`,`patient_default_permission_type_id`) VALUES (74,'Update role (Auth policies: ClinicOnly)',1,3,'​roles​/{roleId}',20,10,0);
INSERT INTO `drcloud_main`.`apis` (`api_id`,`api_name`,`api_service_id`,`api_method_type_id`,`api_route`,`api_action_type_id`,`default_permission_type_id`,`patient_default_permission_type_id`) VALUES (75,'Delete role (Auth policies: ClinicOnly)',1,4,'​roles​/{roleId}',20,10,0);
INSERT INTO `drcloud_main`.`apis` (`api_id`,`api_name`,`api_service_id`,`api_method_type_id`,`api_route`,`api_action_type_id`,`default_permission_type_id`,`patient_default_permission_type_id`) VALUES (76,'Get role details (Auth policies: ClinicOnly)',1,1,'​roles​/{roleId}',10,10,0);
INSERT INTO `drcloud_main`.`apis` (`api_id`,`api_name`,`api_service_id`,`api_method_type_id`,`api_route`,`api_action_type_id`,`default_permission_type_id`,`patient_default_permission_type_id`) VALUES (77,'Set role Enabled status (Auth policies: ClinicOnly)',1,3,'​roles​/{roleId}​/set-enabled',20,10,0);
INSERT INTO `drcloud_main`.`apis` (`api_id`,`api_name`,`api_service_id`,`api_method_type_id`,`api_route`,`api_action_type_id`,`default_permission_type_id`,`patient_default_permission_type_id`) VALUES (78,'Create new schedule for doctor (Auth policies: ClinicOnly)',1,2,'​schedules',20,10,0);
INSERT INTO `drcloud_main`.`apis` (`api_id`,`api_name`,`api_service_id`,`api_method_type_id`,`api_route`,`api_action_type_id`,`default_permission_type_id`,`patient_default_permission_type_id`) VALUES (79,'Search schedule for doctor (Auth policies: ClinicOnly)',1,2,'​schedules​/search',10,10,0);
INSERT INTO `drcloud_main`.`apis` (`api_id`,`api_name`,`api_service_id`,`api_method_type_id`,`api_route`,`api_action_type_id`,`default_permission_type_id`,`patient_default_permission_type_id`) VALUES (80,'Update schedule for doctor (Auth policies: ClinicOnly)',1,3,'​schedules​/{scheduleId}',20,10,0);
INSERT INTO `drcloud_main`.`apis` (`api_id`,`api_name`,`api_service_id`,`api_method_type_id`,`api_route`,`api_action_type_id`,`default_permission_type_id`,`patient_default_permission_type_id`) VALUES (81,'Get doctor schedule info (Auth policies: ClinicOnly)',1,1,'​schedules​/{scheduleId}',10,10,0);
INSERT INTO `drcloud_main`.`apis` (`api_id`,`api_name`,`api_service_id`,`api_method_type_id`,`api_route`,`api_action_type_id`,`default_permission_type_id`,`patient_default_permission_type_id`) VALUES (82,'Delete schedule for doctor (Auth policies: ClinicOnly)',1,2,'​schedules​/{scheduleId}​/delete',20,10,0);
INSERT INTO `drcloud_main`.`apis` (`api_id`,`api_name`,`api_service_id`,`api_method_type_id`,`api_route`,`api_action_type_id`,`default_permission_type_id`,`patient_default_permission_type_id`) VALUES (83,'Get appoinments by occurrence (Auth policies: ClinicOnly)',1,1,'​schedules​/{scheduleId}​/get-appointments',10,10,0);
INSERT INTO `drcloud_main`.`apis` (`api_id`,`api_name`,`api_service_id`,`api_method_type_id`,`api_route`,`api_action_type_id`,`default_permission_type_id`,`patient_default_permission_type_id`) VALUES (84,'Search specialties of the clinic (Auth policies: ClinicOnly)',1,1,'​specialties',10,10,0);
INSERT INTO `drcloud_main`.`apis` (`api_id`,`api_name`,`api_service_id`,`api_method_type_id`,`api_route`,`api_action_type_id`,`default_permission_type_id`,`patient_default_permission_type_id`) VALUES (85,'Create new Specialty (Auth policies: ClinicOnly)',1,2,'​specialties',20,10,0);
INSERT INTO `drcloud_main`.`apis` (`api_id`,`api_name`,`api_service_id`,`api_method_type_id`,`api_route`,`api_action_type_id`,`default_permission_type_id`,`patient_default_permission_type_id`) VALUES (86,'Update Specialty (Auth policies: ClinicOnly)',1,3,'​specialties​/{specialtyId}',20,10,0);
INSERT INTO `drcloud_main`.`apis` (`api_id`,`api_name`,`api_service_id`,`api_method_type_id`,`api_route`,`api_action_type_id`,`default_permission_type_id`,`patient_default_permission_type_id`) VALUES (87,'Delete Specialty (Auth policies: ClinicOnly)',1,4,'​specialties​/{specialtyId}',20,10,0);
INSERT INTO `drcloud_main`.`apis` (`api_id`,`api_name`,`api_service_id`,`api_method_type_id`,`api_route`,`api_action_type_id`,`default_permission_type_id`,`patient_default_permission_type_id`) VALUES (88,'Read Specialty (Auth policies: ClinicOnly)',1,1,'​specialties​/{specialtyId}',10,10,0);
INSERT INTO `drcloud_main`.`apis` (`api_id`,`api_name`,`api_service_id`,`api_method_type_id`,`api_route`,`api_action_type_id`,`default_permission_type_id`,`patient_default_permission_type_id`) VALUES (89,'Set Default Specialty (Auth policies: ClinicOnly)',1,3,'​specialties​/{specialtyId}​/set-enabled',20,10,0);
INSERT INTO `drcloud_main`.`apis` (`api_id`,`api_name`,`api_service_id`,`api_method_type_id`,`api_route`,`api_action_type_id`,`default_permission_type_id`,`patient_default_permission_type_id`) VALUES (90,'Search symptom suggestion of the clinic (Auth policies: ClinicOnly)',1,1,'​symptoms',10,10,0);
INSERT INTO `drcloud_main`.`apis` (`api_id`,`api_name`,`api_service_id`,`api_method_type_id`,`api_route`,`api_action_type_id`,`default_permission_type_id`,`patient_default_permission_type_id`) VALUES (91,'Create new symptom (Auth policies: ClinicOnly)',1,2,'​symptoms',20,10,0);
INSERT INTO `drcloud_main`.`apis` (`api_id`,`api_name`,`api_service_id`,`api_method_type_id`,`api_route`,`api_action_type_id`,`default_permission_type_id`,`patient_default_permission_type_id`) VALUES (92,'Get symptom details (Auth policies: ClinicOnly)',1,1,'​symptoms​/{symptomId}',10,10,0);
INSERT INTO `drcloud_main`.`apis` (`api_id`,`api_name`,`api_service_id`,`api_method_type_id`,`api_route`,`api_action_type_id`,`default_permission_type_id`,`patient_default_permission_type_id`) VALUES (93,'Update symptom details (Auth policies: ClinicOnly)',1,3,'​symptoms​/{symptomId}',20,10,0);
INSERT INTO `drcloud_main`.`apis` (`api_id`,`api_name`,`api_service_id`,`api_method_type_id`,`api_route`,`api_action_type_id`,`default_permission_type_id`,`patient_default_permission_type_id`) VALUES (94,'Delete a symptom (Auth policies: ClinicOnly)',1,4,'​symptoms​/{symptomId}',20,10,0);
INSERT INTO `drcloud_main`.`apis` (`api_id`,`api_name`,`api_service_id`,`api_method_type_id`,`api_route`,`api_action_type_id`,`default_permission_type_id`,`patient_default_permission_type_id`) VALUES (95,'Set Enable Symptom (Auth policies: ClinicOnly)',1,3,'​symptoms​/{symptomId}​/set-enabled',10,10,0);
INSERT INTO `drcloud_main`.`apis` (`api_id`,`api_name`,`api_service_id`,`api_method_type_id`,`api_route`,`api_action_type_id`,`default_permission_type_id`,`patient_default_permission_type_id`) VALUES (96,'Get user information details (Auth)',1,1,'​users​/me',10,10,10);
INSERT INTO `drcloud_main`.`apis` (`api_id`,`api_name`,`api_service_id`,`api_method_type_id`,`api_route`,`api_action_type_id`,`default_permission_type_id`,`patient_default_permission_type_id`) VALUES (97,'Update user information details (Auth)',1,3,'​users​/me',20,20,20);
INSERT INTO `drcloud_main`.`apis` (`api_id`,`api_name`,`api_service_id`,`api_method_type_id`,`api_route`,`api_action_type_id`,`default_permission_type_id`,`patient_default_permission_type_id`) VALUES (98,'Change password (Auth)',1,3,'​users​/change-password',20,20,20);
INSERT INTO `drcloud_main`.`apis` (`api_id`,`api_name`,`api_service_id`,`api_method_type_id`,`api_route`,`api_action_type_id`,`default_permission_type_id`,`patient_default_permission_type_id`) VALUES (99,'add or update device token (Auth)',1,2,'​users​/register-device',20,20,20);
INSERT INTO `drcloud_main`.`apis` (`api_id`,`api_name`,`api_service_id`,`api_method_type_id`,`api_route`,`api_action_type_id`,`default_permission_type_id`,`patient_default_permission_type_id`) VALUES (100,'Create new user group (Auth policies: ClinicOnly)',1,2,'​user-groups',20,10,0);
INSERT INTO `drcloud_main`.`apis` (`api_id`,`api_name`,`api_service_id`,`api_method_type_id`,`api_route`,`api_action_type_id`,`default_permission_type_id`,`patient_default_permission_type_id`) VALUES (101,'Search User Group (Auth policies: ClinicOnly)',1,1,'​user-groups',10,10,0);
INSERT INTO `drcloud_main`.`apis` (`api_id`,`api_name`,`api_service_id`,`api_method_type_id`,`api_route`,`api_action_type_id`,`default_permission_type_id`,`patient_default_permission_type_id`) VALUES (102,'Update user group (Auth policies: ClinicOnly)',1,3,'​user-groups​/{userGroupId}',20,10,0);
INSERT INTO `drcloud_main`.`apis` (`api_id`,`api_name`,`api_service_id`,`api_method_type_id`,`api_route`,`api_action_type_id`,`default_permission_type_id`,`patient_default_permission_type_id`) VALUES (103,'Delete user group (Auth policies: ClinicOnly)',1,4,'​user-groups​/{userGroupId}',20,10,0);
INSERT INTO `drcloud_main`.`apis` (`api_id`,`api_name`,`api_service_id`,`api_method_type_id`,`api_route`,`api_action_type_id`,`default_permission_type_id`,`patient_default_permission_type_id`) VALUES (104,'Get User Group details (Auth policies: ClinicOnly)',1,1,'​user-groups​/{userGroupId}',10,10,0);
INSERT INTO `drcloud_main`.`apis` (`api_id`,`api_name`,`api_service_id`,`api_method_type_id`,`api_route`,`api_action_type_id`,`default_permission_type_id`,`patient_default_permission_type_id`) VALUES (105,'Set user group Enabled status (Auth policies: ClinicOnly)',1,3,'​user-groups​/{userGroupId}​/set-enabled',20,10,0);
INSERT INTO `drcloud_main`.`apis` (`api_id`,`api_name`,`api_service_id`,`api_method_type_id`,`api_route`,`api_action_type_id`,`default_permission_type_id`,`patient_default_permission_type_id`) VALUES (106,'Resend Invitation Mail (Auth policies: ClinicOnly)',1,3,'employees/{employeeId}/re-invite',20,10,0);

-- init api-screen map
INSERT INTO `drcloud_main`.`frontend_screen_api_mapping`(`api_id`,`frontend_screen_id`) VALUES (18,1);
INSERT INTO `drcloud_main`.`frontend_screen_api_mapping`(`api_id`,`frontend_screen_id`) VALUES (19,1);
INSERT INTO `drcloud_main`.`frontend_screen_api_mapping`(`api_id`,`frontend_screen_id`) VALUES (54,2);
INSERT INTO `drcloud_main`.`frontend_screen_api_mapping`(`api_id`,`frontend_screen_id`) VALUES (55,2);
INSERT INTO `drcloud_main`.`frontend_screen_api_mapping`(`api_id`,`frontend_screen_id`) VALUES (56,2);
INSERT INTO `drcloud_main`.`frontend_screen_api_mapping`(`api_id`,`frontend_screen_id`) VALUES (57,2);
INSERT INTO `drcloud_main`.`frontend_screen_api_mapping`(`api_id`,`frontend_screen_id`) VALUES (58,2);
INSERT INTO `drcloud_main`.`frontend_screen_api_mapping`(`api_id`,`frontend_screen_id`) VALUES (59,2);
INSERT INTO `drcloud_main`.`frontend_screen_api_mapping`(`api_id`,`frontend_screen_id`) VALUES (84,3);
INSERT INTO `drcloud_main`.`frontend_screen_api_mapping`(`api_id`,`frontend_screen_id`) VALUES (85,3);
INSERT INTO `drcloud_main`.`frontend_screen_api_mapping`(`api_id`,`frontend_screen_id`) VALUES (86,3);
INSERT INTO `drcloud_main`.`frontend_screen_api_mapping`(`api_id`,`frontend_screen_id`) VALUES (87,3);
INSERT INTO `drcloud_main`.`frontend_screen_api_mapping`(`api_id`,`frontend_screen_id`) VALUES (88,3);
INSERT INTO `drcloud_main`.`frontend_screen_api_mapping`(`api_id`,`frontend_screen_id`) VALUES (89,3);
INSERT INTO `drcloud_main`.`frontend_screen_api_mapping`(`api_id`,`frontend_screen_id`) VALUES (40,4);
INSERT INTO `drcloud_main`.`frontend_screen_api_mapping`(`api_id`,`frontend_screen_id`) VALUES (41,4);
INSERT INTO `drcloud_main`.`frontend_screen_api_mapping`(`api_id`,`frontend_screen_id`) VALUES (42,4);
INSERT INTO `drcloud_main`.`frontend_screen_api_mapping`(`api_id`,`frontend_screen_id`) VALUES (43,4);
INSERT INTO `drcloud_main`.`frontend_screen_api_mapping`(`api_id`,`frontend_screen_id`) VALUES (44,4);
INSERT INTO `drcloud_main`.`frontend_screen_api_mapping`(`api_id`,`frontend_screen_id`) VALUES (45,4);
INSERT INTO `drcloud_main`.`frontend_screen_api_mapping`(`api_id`,`frontend_screen_id`) VALUES (84,4);
INSERT INTO `drcloud_main`.`frontend_screen_api_mapping`(`api_id`,`frontend_screen_id`) VALUES (90,5);
INSERT INTO `drcloud_main`.`frontend_screen_api_mapping`(`api_id`,`frontend_screen_id`) VALUES (91,5);
INSERT INTO `drcloud_main`.`frontend_screen_api_mapping`(`api_id`,`frontend_screen_id`) VALUES (92,5);
INSERT INTO `drcloud_main`.`frontend_screen_api_mapping`(`api_id`,`frontend_screen_id`) VALUES (93,5);
INSERT INTO `drcloud_main`.`frontend_screen_api_mapping`(`api_id`,`frontend_screen_id`) VALUES (94,5);
INSERT INTO `drcloud_main`.`frontend_screen_api_mapping`(`api_id`,`frontend_screen_id`) VALUES (95,5);
INSERT INTO `drcloud_main`.`frontend_screen_api_mapping`(`api_id`,`frontend_screen_id`) VALUES (84,5);
INSERT INTO `drcloud_main`.`frontend_screen_api_mapping`(`api_id`,`frontend_screen_id`) VALUES (46,6);
INSERT INTO `drcloud_main`.`frontend_screen_api_mapping`(`api_id`,`frontend_screen_id`) VALUES (47,6);
INSERT INTO `drcloud_main`.`frontend_screen_api_mapping`(`api_id`,`frontend_screen_id`) VALUES (48,6);
INSERT INTO `drcloud_main`.`frontend_screen_api_mapping`(`api_id`,`frontend_screen_id`) VALUES (49,6);
INSERT INTO `drcloud_main`.`frontend_screen_api_mapping`(`api_id`,`frontend_screen_id`) VALUES (50,6);
INSERT INTO `drcloud_main`.`frontend_screen_api_mapping`(`api_id`,`frontend_screen_id`) VALUES (51,6);
INSERT INTO `drcloud_main`.`frontend_screen_api_mapping`(`api_id`,`frontend_screen_id`) VALUES (52,6);
INSERT INTO `drcloud_main`.`frontend_screen_api_mapping`(`api_id`,`frontend_screen_id`) VALUES (73,6);
INSERT INTO `drcloud_main`.`frontend_screen_api_mapping`(`api_id`,`frontend_screen_id`) VALUES (101,6);
INSERT INTO `drcloud_main`.`frontend_screen_api_mapping`(`api_id`,`frontend_screen_id`) VALUES (72,7);
INSERT INTO `drcloud_main`.`frontend_screen_api_mapping`(`api_id`,`frontend_screen_id`) VALUES (73,7);
INSERT INTO `drcloud_main`.`frontend_screen_api_mapping`(`api_id`,`frontend_screen_id`) VALUES (74,7);
INSERT INTO `drcloud_main`.`frontend_screen_api_mapping`(`api_id`,`frontend_screen_id`) VALUES (75,7);
INSERT INTO `drcloud_main`.`frontend_screen_api_mapping`(`api_id`,`frontend_screen_id`) VALUES (76,7);
INSERT INTO `drcloud_main`.`frontend_screen_api_mapping`(`api_id`,`frontend_screen_id`) VALUES (77,7);
INSERT INTO `drcloud_main`.`frontend_screen_api_mapping`(`api_id`,`frontend_screen_id`) VALUES (100,8);
INSERT INTO `drcloud_main`.`frontend_screen_api_mapping`(`api_id`,`frontend_screen_id`) VALUES (101,8);
INSERT INTO `drcloud_main`.`frontend_screen_api_mapping`(`api_id`,`frontend_screen_id`) VALUES (102,8);
INSERT INTO `drcloud_main`.`frontend_screen_api_mapping`(`api_id`,`frontend_screen_id`) VALUES (103,8);
INSERT INTO `drcloud_main`.`frontend_screen_api_mapping`(`api_id`,`frontend_screen_id`) VALUES (104,8);
INSERT INTO `drcloud_main`.`frontend_screen_api_mapping`(`api_id`,`frontend_screen_id`) VALUES (105,8);
INSERT INTO `drcloud_main`.`frontend_screen_api_mapping`(`api_id`,`frontend_screen_id`) VALUES (54,8);
INSERT INTO `drcloud_main`.`frontend_screen_api_mapping`(`api_id`,`frontend_screen_id`) VALUES (40,8);
INSERT INTO `drcloud_main`.`frontend_screen_api_mapping`(`api_id`,`frontend_screen_id`) VALUES (47,8);
INSERT INTO `drcloud_main`.`frontend_screen_api_mapping`(`api_id`,`frontend_screen_id`) VALUES (78,9);
INSERT INTO `drcloud_main`.`frontend_screen_api_mapping`(`api_id`,`frontend_screen_id`) VALUES (79,9);
INSERT INTO `drcloud_main`.`frontend_screen_api_mapping`(`api_id`,`frontend_screen_id`) VALUES (80,9);
INSERT INTO `drcloud_main`.`frontend_screen_api_mapping`(`api_id`,`frontend_screen_id`) VALUES (81,9);
INSERT INTO `drcloud_main`.`frontend_screen_api_mapping`(`api_id`,`frontend_screen_id`) VALUES (82,9);
INSERT INTO `drcloud_main`.`frontend_screen_api_mapping`(`api_id`,`frontend_screen_id`) VALUES (83,10);
INSERT INTO `drcloud_main`.`frontend_screen_api_mapping`(`api_id`,`frontend_screen_id`) VALUES (25,10);
INSERT INTO `drcloud_main`.`frontend_screen_api_mapping`(`api_id`,`frontend_screen_id`) VALUES (26,10);
INSERT INTO `drcloud_main`.`frontend_screen_api_mapping`(`api_id`,`frontend_screen_id`) VALUES (27,10);
INSERT INTO `drcloud_main`.`frontend_screen_api_mapping`(`api_id`,`frontend_screen_id`) VALUES (28,10);
INSERT INTO `drcloud_main`.`frontend_screen_api_mapping`(`api_id`,`frontend_screen_id`) VALUES (29,10);
INSERT INTO `drcloud_main`.`frontend_screen_api_mapping`(`api_id`,`frontend_screen_id`) VALUES (32,10);
INSERT INTO `drcloud_main`.`frontend_screen_api_mapping`(`api_id`,`frontend_screen_id`) VALUES (33,10);
INSERT INTO `drcloud_main`.`frontend_screen_api_mapping`(`api_id`,`frontend_screen_id`) VALUES (34,10);
INSERT INTO `drcloud_main`.`frontend_screen_api_mapping`(`api_id`,`frontend_screen_id`) VALUES (35,10);
INSERT INTO `drcloud_main`.`frontend_screen_api_mapping`(`api_id`,`frontend_screen_id`) VALUES (36,10);
INSERT INTO `drcloud_main`.`frontend_screen_api_mapping`(`api_id`,`frontend_screen_id`) VALUES (37,10);
INSERT INTO `drcloud_main`.`frontend_screen_api_mapping`(`api_id`,`frontend_screen_id`) VALUES (30,11);
INSERT INTO `drcloud_main`.`frontend_screen_api_mapping`(`api_id`,`frontend_screen_id`) VALUES (31,11);
INSERT INTO `drcloud_main`.`frontend_screen_api_mapping`(`api_id`,`frontend_screen_id`) VALUES (106,6);
INSERT INTO `drcloud_main`.`frontend_screen_api_mapping`(`api_id`,`frontend_screen_id`) VALUES (24,6);
INSERT INTO `drcloud_main`.`frontend_screen_api_mapping`(`api_id`,`frontend_screen_id`) VALUES (27,11);

-- init api-feature map
INSERT INTO `drcloud_main`.`frontend_feature_api_mapping`(`frontend_feature_id`,`api_id`) VALUES (101,25);
INSERT INTO `drcloud_main`.`frontend_feature_api_mapping`(`frontend_feature_id`,`api_id`) VALUES (101,26);
INSERT INTO `drcloud_main`.`frontend_feature_api_mapping`(`frontend_feature_id`,`api_id`) VALUES (101,36);
INSERT INTO `drcloud_main`.`frontend_feature_api_mapping`(`frontend_feature_id`,`api_id`) VALUES (101,37);
INSERT INTO `drcloud_main`.`frontend_feature_api_mapping`(`frontend_feature_id`,`api_id`) VALUES (102,26);
INSERT INTO `drcloud_main`.`frontend_feature_api_mapping`(`frontend_feature_id`,`api_id`) VALUES (102,27);
INSERT INTO `drcloud_main`.`frontend_feature_api_mapping`(`frontend_feature_id`,`api_id`) VALUES (103,27);
INSERT INTO `drcloud_main`.`frontend_feature_api_mapping`(`frontend_feature_id`,`api_id`) VALUES (103,30);
INSERT INTO `drcloud_main`.`frontend_feature_api_mapping`(`frontend_feature_id`,`api_id`) VALUES (104,30);
INSERT INTO `drcloud_main`.`frontend_feature_api_mapping`(`frontend_feature_id`,`api_id`) VALUES (104,27);
INSERT INTO `drcloud_main`.`frontend_feature_api_mapping`(`frontend_feature_id`,`api_id`) VALUES (105,27);
